frameCount,LBrowH,RBrowH,LEyeH,REyeH,nose,MouseH,MouseW,OriX,OriY,OriZ
1,7.18,7.18,3.07,3.01,6.22,1.4,13.08,-0.01,0.057,0.13
2,7.18,7.21,2.98,2.91,6.27,1.45,13.09,-0.03,0.061,0.11
3,7.25,7.27,3.04,2.97,6.23,1.46,13.02,-0.03,0.063,0.11
4,7.2,7.22,3.0,2.93,6.24,1.46,13.1,-0.02,0.062,0.11
5,7.15,7.18,2.98,2.92,6.27,1.47,12.95,-0.03,0.058,0.11
6,7.24,7.26,2.96,2.89,6.26,1.46,13.05,-0.03,0.06,0.11
7,7.22,7.23,3.02,2.94,6.22,1.41,13.03,-0.03,0.063,0.1
8,7.17,7.19,3.04,2.97,6.29,1.48,13.03,-0.03,0.061,0.1
9,7.12,7.16,3.03,2.98,6.29,1.45,13.03,-0.03,0.058,0.11
10,7.22,7.25,2.93,2.87,6.28,1.52,13.07,-0.03,0.06,0.11
11,7.09,7.12,2.95,2.89,6.25,1.43,13.08,-0.03,0.058,0.11
12,7.13,7.18,2.88,2.84,6.33,1.54,13.05,-0.02,0.056,0.11
13,7.17,7.2,2.94,2.88,6.26,1.48,13.09,-0.03,0.059,0.11
14,7.08,7.13,2.83,2.76,6.33,1.46,13.07,-0.03,0.06,0.11
15,7.13,7.16,2.73,2.66,6.34,1.48,12.99,-0.03,0.061,0.11
16,7.05,7.08,2.82,2.76,6.33,1.51,13.1,-0.03,0.059,0.11
17,7.03,7.08,2.7,2.65,6.31,1.52,12.94,-0.03,0.06,0.11
18,7.03,7.08,2.7,2.65,6.31,1.52,12.94,-0.03,0.06,0.11
19,7.03,7.04,2.96,2.89,6.26,1.45,13.06,-0.03,0.063,0.11
20,7.05,7.09,2.78,2.72,6.33,1.49,12.98,-0.03,0.062,0.11
21,7.14,7.14,3.04,2.96,6.27,1.46,13.1,-0.03,0.065,0.11
22,7.21,7.2,3.03,2.95,6.25,1.44,13.03,-0.03,0.064,0.1
23,7.18,7.21,3.0,2.94,6.27,1.5,13.01,-0.03,0.062,0.11
24,7.18,7.22,2.97,2.91,6.31,1.49,13.1,-0.03,0.063,0.11
25,7.19,7.21,2.98,2.91,6.29,1.46,13.12,-0.03,0.066,0.11
26,7.27,7.29,3.02,2.95,6.22,1.44,13.12,-0.03,0.067,0.1
27,7.2,7.24,3.01,2.94,6.28,1.47,13.08,-0.03,0.064,0.1
28,7.21,7.24,3.01,2.94,6.28,1.45,13.18,-0.03,0.067,0.1
29,7.22,7.25,3.03,2.96,6.25,1.47,13.06,-0.03,0.065,0.1
30,7.26,7.28,3.03,2.95,6.26,1.47,13.11,-0.03,0.067,0.1
31,7.24,7.27,3.04,2.96,6.25,1.48,13.1,-0.03,0.066,0.1
32,7.23,7.26,3.01,2.95,6.27,1.46,13.13,-0.03,0.067,0.1
33,7.18,7.22,2.98,2.92,6.29,1.49,13.11,-0.03,0.064,0.11
34,7.18,7.21,3.01,2.95,6.3,1.49,13.09,-0.03,0.064,0.11
35,7.21,7.22,3.02,2.94,6.27,1.45,13.15,-0.02,0.067,0.11
36,7.24,7.25,3.03,2.95,6.26,1.47,13.14,-0.03,0.066,0.11
37,7.25,7.26,3.01,2.93,6.25,1.44,13.15,-0.03,0.068,0.1
38,7.18,7.21,3.0,2.94,6.28,1.48,13.16,-0.03,0.065,0.11
39,7.18,7.21,3.0,2.94,6.28,1.48,13.16,-0.03,0.065,0.11
40,7.24,7.27,3.03,2.97,6.23,1.43,13.2,-0.03,0.066,0.11
41,7.27,7.28,3.04,2.98,6.2,1.43,13.18,-0.03,0.065,0.11
42,7.27,7.29,3.01,2.96,6.21,1.43,13.25,-0.03,0.066,0.11
43,7.3,7.31,3.04,2.96,6.22,1.45,13.18,-0.03,0.066,0.11
44,7.3,7.32,2.99,2.92,6.24,1.45,13.05,-0.03,0.065,0.11
45,7.28,7.3,3.02,2.95,6.24,1.44,13.2,-0.04,0.067,0.1
46,7.28,7.3,3.02,2.96,6.24,1.47,13.2,-0.03,0.067,0.11
47,7.32,7.32,3.02,2.95,6.18,1.39,13.21,-0.03,0.069,0.1
48,7.32,7.33,3.02,2.94,6.27,1.5,13.13,-0.03,0.069,0.11
49,7.17,7.21,3.03,2.98,6.25,1.44,13.21,-0.04,0.067,0.11
50,7.21,7.24,3.05,2.99,6.23,1.44,13.25,-0.03,0.068,0.1
51,7.23,7.25,3.03,2.96,6.29,1.48,13.22,-0.03,0.067,0.11
52,7.3,7.31,3.04,2.97,6.21,1.42,13.18,-0.03,0.068,0.1
53,7.25,7.28,2.98,2.92,6.31,1.55,13.17,-0.03,0.067,0.11
54,7.2,7.22,2.98,2.92,6.33,1.48,13.16,-0.03,0.068,0.11
55,7.15,7.18,2.95,2.89,6.32,1.54,13.18,-0.03,0.066,0.11
56,7.14,7.19,2.94,2.89,6.31,1.57,13.18,-0.03,0.066,0.11
57,7.15,7.19,2.91,2.85,6.29,1.61,13.22,-0.03,0.069,0.11
58,7.13,7.17,2.91,2.86,6.32,1.61,13.17,-0.03,0.066,0.11
59,7.14,7.18,2.91,2.85,6.3,1.62,13.21,-0.03,0.067,0.11
60,7.06,7.11,2.94,2.9,6.32,1.59,13.17,-0.03,0.067,0.11
61,7.12,7.16,2.91,2.86,6.33,1.6,13.13,-0.03,0.067,0.11
62,7.12,7.16,2.91,2.86,6.33,1.6,13.13,-0.03,0.067,0.11
63,7.17,7.2,2.92,2.86,6.3,1.68,13.17,-0.03,0.068,0.11
64,7.13,7.17,2.88,2.83,6.3,1.61,13.15,-0.03,0.066,0.11
65,7.11,7.15,2.89,2.84,6.26,1.78,13.15,-0.03,0.065,0.11
66,7.12,7.16,2.94,2.89,6.26,1.52,13.02,-0.03,0.066,0.11
67,7.19,7.21,2.88,2.82,6.15,1.83,12.7,-0.03,0.067,0.1
68,7.14,7.16,2.91,2.85,6.06,1.52,11.95,-0.03,0.065,0.1
69,7.16,7.18,2.94,2.88,5.88,1.61,10.84,-0.02,0.064,0.1
70,7.08,7.12,2.88,2.85,5.89,1.75,10.57,-0.02,0.062,0.1
71,7.11,7.13,2.87,2.82,5.83,1.66,10.4,-0.02,0.064,0.1
72,7.05,7.1,2.83,2.8,5.88,1.72,10.57,-0.02,0.062,0.1
73,7.05,7.1,2.83,2.8,5.88,1.72,10.57,-0.02,0.062,0.1
74,7.06,7.09,2.84,2.8,5.92,1.53,10.56,-0.02,0.064,0.09
75,7.06,7.1,2.83,2.79,6.03,1.43,11.26,-0.03,0.064,0.09
76,6.98,7.03,2.86,2.81,6.2,1.27,12.49,-0.04,0.068,0.09
77,6.98,7.02,2.85,2.79,6.36,1.45,13.23,-0.05,0.07,0.1
78,6.98,7.03,2.89,2.83,6.26,1.51,13.37,-0.04,0.07,0.09
79,6.98,7.03,2.89,2.83,6.26,1.51,13.37,-0.04,0.07,0.09
80,6.94,6.99,2.83,2.79,6.3,1.73,13.32,-0.04,0.067,0.09
81,7.03,7.06,2.75,2.69,6.21,1.39,13.28,-0.03,0.065,0.09
82,6.96,7.0,2.78,2.74,6.14,1.57,12.36,-0.04,0.063,0.09
83,7.03,7.06,2.72,2.68,6.05,1.56,11.8,-0.03,0.065,0.09
84,6.96,7.0,2.72,2.68,6.21,1.39,12.15,-0.03,0.062,0.09
85,6.94,6.97,3.04,2.98,6.3,1.54,13.26,-0.04,0.066,0.09
86,6.94,7.0,2.81,2.77,6.41,1.8,13.49,-0.04,0.065,0.1
87,6.99,7.04,2.76,2.71,6.36,1.65,13.45,-0.03,0.069,0.09
88,6.96,7.02,2.9,2.85,6.38,1.93,13.47,-0.04,0.066,0.1
89,6.98,7.03,2.83,2.78,6.31,1.63,13.37,-0.03,0.067,0.1
90,6.95,7.0,2.85,2.8,6.38,2.07,13.38,-0.04,0.067,0.1
1,6.95,7.01,2.85,2.8,6.35,2.17,13.33,-0.04,0.066,0.1
2,6.95,7.01,2.75,2.7,6.35,1.87,13.21,-0.04,0.068,0.09
3,7.01,7.05,2.75,2.69,6.29,2.12,13.12,-0.04,0.07,0.09
4,7.02,7.08,2.72,2.67,6.25,1.84,12.91,-0.04,0.068,0.09
5,7.48,7.51,2.31,2.24,6.14,1.94,13.03,-0.04,0.07,0.08
6,7.59,7.63,2.12,2.07,6.05,1.87,13.44,-0.04,0.071,0.06
7,8.25,8.25,2.12,2.03,5.87,1.88,13.3,-0.03,0.078,0.04
8,7.75,7.77,2.27,2.19,6.0,1.82,13.16,-0.03,0.085,0.01
9,7.32,7.37,2.6,2.56,6.06,1.93,12.86,-0.02,0.088,-0.02
10,6.98,7.03,2.66,2.6,6.21,1.93,12.35,-0.02,0.1,-0.06
11,7.03,7.1,2.48,2.46,6.27,1.84,12.24,-0.01,0.104,-0.1
12,7.03,7.11,2.53,2.52,6.34,1.68,11.82,0.0,0.118,-0.15
13,6.84,6.94,2.52,2.55,6.34,1.92,11.67,0.01,0.14,-0.22
14,6.9,6.99,2.52,2.56,6.32,1.8,11.36,0.03,0.15,-0.26
15,6.7,6.8,2.62,2.68,6.21,1.82,11.23,0.05,0.144,-0.28
16,6.75,6.85,2.71,2.79,6.13,1.9,11.19,0.05,0.154,-0.28
17,6.72,6.84,2.8,2.88,6.17,1.85,11.29,0.05,0.158,-0.29
18,6.78,6.89,2.77,2.87,6.1,1.97,11.16,0.05,0.16,-0.29
19,6.73,6.84,2.7,2.78,6.14,1.78,10.93,0.04,0.171,-0.29
20,6.59,6.69,2.66,2.74,6.08,1.6,10.85,0.04,0.187,-0.29
21,6.7,6.81,2.67,2.75,6.14,1.59,10.82,0.04,0.189,-0.27
22,6.58,6.69,2.86,2.93,6.1,1.89,11.02,0.03,0.199,-0.26
23,6.56,6.68,2.69,2.78,6.16,1.77,10.87,0.02,0.212,-0.26
24,6.58,6.68,2.87,2.95,6.15,1.96,11.11,0.02,0.218,-0.25
25,6.75,6.86,2.42,2.51,6.15,1.64,11.1,0.02,0.218,-0.26
26,6.52,6.64,2.69,2.77,6.24,1.97,11.33,0.01,0.227,-0.26
27,6.54,6.64,2.82,2.88,6.22,1.74,11.26,0.0,0.235,-0.27
28,6.52,6.61,2.73,2.82,6.16,1.64,11.06,0.01,0.227,-0.26
29,6.55,6.66,2.56,2.64,6.11,1.34,10.82,0.02,0.213,-0.27
30,6.55,6.66,2.56,2.64,6.11,1.34,10.82,0.02,0.213,-0.27
31,6.74,6.82,2.51,2.52,6.21,1.33,10.95,0.02,0.212,-0.26
32,7.29,7.32,2.34,2.32,6.05,1.33,11.19,0.02,0.216,-0.25
33,7.53,7.57,2.08,2.02,5.88,1.29,11.39,0.01,0.221,-0.25
34,7.33,7.42,2.37,2.35,5.88,1.2,11.83,0.0,0.213,-0.22
35,7.36,7.41,2.05,1.99,5.96,1.23,11.84,-0.01,0.217,-0.19
36,7.02,7.06,2.36,2.3,5.98,1.26,11.25,-0.03,0.219,-0.17
37,7.02,7.06,2.36,2.3,5.98,1.26,11.25,-0.03,0.219,-0.17
38,7.05,7.12,2.26,2.23,6.12,1.24,11.13,-0.04,0.219,-0.14
39,7.02,7.05,2.61,2.55,6.11,1.41,11.24,-0.05,0.222,-0.13
40,6.87,6.94,2.48,2.44,6.2,1.51,11.31,-0.05,0.222,-0.11
41,6.86,6.95,2.47,2.46,6.19,1.46,11.34,-0.05,0.215,-0.09
42,6.82,6.91,2.85,2.83,6.18,1.91,11.68,-0.07,0.217,-0.08
43,6.77,6.86,2.55,2.5,6.15,1.54,11.43,-0.08,0.224,-0.07
44,6.74,6.84,2.78,2.77,6.27,2.04,12.33,-0.07,0.224,-0.06
45,6.79,6.89,2.64,2.61,6.19,1.64,11.95,-0.08,0.215,-0.05
46,6.73,6.83,2.89,2.88,6.17,2.16,11.66,-0.07,0.21,-0.06
47,6.86,6.95,2.51,2.51,6.17,1.91,11.03,-0.07,0.209,-0.06
48,6.83,6.92,2.71,2.71,6.09,1.88,11.14,-0.07,0.214,-0.06
49,6.82,6.92,2.73,2.73,6.15,1.66,11.23,-0.08,0.217,-0.05
50,6.84,6.93,2.77,2.75,6.1,1.81,11.47,-0.07,0.225,-0.06
51,6.82,6.89,2.93,2.9,6.12,1.57,11.65,-0.08,0.232,-0.06
52,6.91,7.01,2.64,2.59,6.23,2.08,12.25,-0.08,0.243,-0.06
53,6.81,6.9,2.79,2.74,6.29,1.7,12.61,-0.09,0.244,-0.05
54,6.8,6.92,2.7,2.66,6.34,2.1,12.75,-0.08,0.243,-0.05
55,6.77,6.88,2.74,2.69,6.34,1.72,12.86,-0.08,0.242,-0.05
56,6.81,6.92,2.75,2.72,6.3,1.7,12.92,-0.08,0.238,-0.05
57,6.81,6.92,2.75,2.72,6.3,1.7,12.92,-0.08,0.238,-0.05
58,6.91,7.03,2.67,2.66,6.34,2.02,12.91,-0.06,0.236,-0.04
59,6.91,7.03,2.67,2.66,6.34,2.02,12.91,-0.06,0.236,-0.04
60,6.73,6.84,2.69,2.67,6.3,1.64,12.79,-0.08,0.237,-0.05
61,6.85,6.96,2.67,2.65,6.25,1.64,12.58,-0.07,0.235,-0.05
62,7.0,7.1,2.8,2.78,6.16,2.01,12.29,-0.06,0.237,-0.05
63,6.94,7.03,2.76,2.73,6.16,1.54,12.34,-0.06,0.238,-0.05
64,6.98,7.06,2.72,2.7,6.19,2.02,12.02,-0.06,0.238,-0.05
65,6.89,6.97,2.83,2.79,6.19,1.55,12.02,-0.07,0.241,-0.06
66,6.87,6.96,2.77,2.74,6.22,2.06,12.11,-0.07,0.242,-0.05
67,6.79,6.87,2.94,2.92,6.18,1.51,11.97,-0.07,0.243,-0.06
68,6.97,7.07,2.78,2.74,6.21,1.99,12.14,-0.07,0.246,-0.06
69,6.91,7.01,2.75,2.72,6.17,1.55,11.89,-0.08,0.243,-0.06
70,6.83,6.93,2.89,2.86,6.2,1.98,12.29,-0.07,0.245,-0.06
71,6.85,6.95,2.83,2.8,6.13,1.5,11.85,-0.07,0.241,-0.06
72,6.9,7.0,2.82,2.78,6.11,1.96,12.36,-0.08,0.243,-0.06
73,6.88,6.97,2.92,2.9,6.18,1.94,12.16,-0.07,0.243,-0.06
74,6.97,7.04,2.86,2.83,6.08,1.49,11.86,-0.07,0.241,-0.06
75,6.96,7.04,2.78,2.76,6.16,1.95,12.17,-0.06,0.243,-0.06
76,6.92,6.99,2.91,2.88,6.12,1.48,11.81,-0.07,0.242,-0.07
77,6.96,7.05,2.82,2.8,6.16,2.01,12.13,-0.06,0.24,-0.06
78,7.05,7.14,2.5,2.49,6.17,1.42,11.62,-0.06,0.232,-0.05
79,7.05,7.14,2.5,2.49,6.17,1.42,11.62,-0.06,0.232,-0.05
80,6.94,7.04,2.94,2.94,6.09,1.38,11.54,-0.07,0.219,-0.04
81,6.97,7.08,2.83,2.86,6.13,1.84,11.62,-0.06,0.215,-0.03
82,6.92,7.01,3.09,3.12,5.97,1.39,11.03,-0.07,0.196,-0.03
83,7.1,7.21,2.83,2.85,6.01,1.72,11.1,-0.08,0.199,-0.03
84,7.2,7.29,2.84,2.86,5.96,1.32,10.93,-0.08,0.191,-0.03
85,6.92,6.97,2.94,2.92,5.94,1.36,10.83,-0.09,0.188,-0.02
86,6.92,7.0,2.85,2.8,5.9,1.28,10.76,-0.1,0.181,-0.03
87,7.02,7.07,2.79,2.73,5.94,1.49,11.08,-0.11,0.181,-0.02
88,7.04,7.09,2.73,2.66,6.06,1.2,11.18,-0.12,0.174,-0.02
89,7.08,7.14,2.69,2.61,6.13,1.37,12.37,-0.12,0.178,-0.01
90,7.16,7.23,2.52,2.44,6.13,1.32,13.25,-0.11,0.181,-0.01
1,6.91,7.0,2.58,2.52,6.15,1.23,13.3,-0.1,0.168,-0.01
2,6.91,7.0,2.58,2.52,6.15,1.23,13.3,-0.1,0.168,-0.01
3,6.91,7.0,2.58,2.52,6.15,1.23,13.3,-0.1,0.168,-0.01
4,7.05,7.12,2.48,2.41,6.09,1.15,12.84,-0.11,0.167,-0.01
5,7.08,7.14,2.43,2.35,6.16,1.2,12.91,-0.11,0.167,-0.01
6,7.1,7.17,2.43,2.35,6.23,1.34,13.44,-0.13,0.169,0.0
7,7.04,7.13,2.51,2.44,6.33,1.48,13.94,-0.12,0.167,0.01
8,6.92,7.01,2.56,2.48,6.46,1.67,14.49,-0.13,0.166,0.01
9,6.92,7.01,2.56,2.48,6.46,1.67,14.49,-0.13,0.166,0.01
10,6.84,6.94,2.57,2.5,6.42,1.84,14.62,-0.12,0.163,0.01
11,6.79,6.9,2.57,2.51,6.47,1.77,14.58,-0.12,0.163,0.01
12,6.91,7.01,2.38,2.32,6.35,1.8,14.42,-0.12,0.165,0.01
13,6.79,6.87,2.05,1.97,6.24,1.33,14.11,-0.11,0.166,-0.01
14,6.79,6.87,2.05,1.97,6.24,1.33,14.11,-0.11,0.166,-0.01
15,6.6,6.71,2.13,2.05,6.21,1.64,14.43,-0.11,0.166,-0.02
16,6.92,6.98,1.99,1.93,5.88,1.77,12.86,-0.1,0.151,-0.02
17,6.92,6.98,1.99,1.93,5.88,1.77,12.86,-0.1,0.151,-0.02
18,6.63,6.7,2.14,2.05,5.91,2.75,11.84,-0.1,0.151,-0.02
19,6.7,6.76,2.21,2.14,6.03,2.12,11.57,-0.11,0.153,-0.02
20,6.63,6.7,2.32,2.27,6.08,1.6,11.63,-0.11,0.15,-0.01
21,6.61,6.68,2.37,2.32,6.12,1.62,11.89,-0.09,0.154,-0.01
22,6.5,6.57,2.44,2.38,6.13,1.27,12.06,-0.1,0.154,-0.01
23,6.52,6.63,2.37,2.3,6.36,1.7,13.7,-0.1,0.168,-0.01
24,6.66,6.76,2.38,2.31,6.25,1.35,14.0,-0.1,0.173,-0.01
25,6.62,6.75,2.43,2.37,6.28,1.5,14.05,-0.11,0.173,-0.01
26,6.71,6.82,2.43,2.37,6.27,1.28,13.89,-0.1,0.17,-0.01
27,6.63,6.76,2.47,2.41,6.23,1.24,13.85,-0.1,0.169,-0.01
28,6.75,6.86,2.52,2.46,6.25,1.18,13.68,-0.1,0.166,0.0
29,6.72,6.81,2.56,2.47,6.21,1.15,13.55,-0.11,0.165,-0.01
30,6.64,6.73,2.47,2.38,6.31,1.17,13.63,-0.11,0.153,0.0
31,6.44,6.54,2.52,2.44,6.26,1.22,13.52,-0.13,0.136,0.02
32,6.66,6.74,2.37,2.27,6.28,1.27,13.62,-0.13,0.119,0.02
33,6.58,6.65,2.72,2.62,6.3,1.24,13.79,-0.13,0.094,0.04
34,6.63,6.74,2.75,2.67,6.33,1.28,13.82,-0.12,0.068,0.05
35,6.64,6.71,2.7,2.65,6.33,1.31,13.9,-0.11,0.045,0.06
36,6.53,6.59,2.67,2.64,6.32,1.39,14.0,-0.1,0.026,0.07
37,6.63,6.7,2.66,2.63,6.34,1.56,14.08,-0.09,0.009,0.08
38,6.58,6.64,2.58,2.57,6.38,1.52,14.15,-0.09,-0.01,0.07
39,6.62,6.65,2.6,2.6,6.36,1.6,14.11,-0.09,-0.031,0.07
40,6.71,6.71,2.54,2.55,6.18,1.62,13.38,-0.08,-0.042,0.07
41,6.91,6.91,2.44,2.44,5.94,1.59,12.56,-0.08,-0.043,0.09
42,6.9,6.85,2.49,2.47,5.93,1.39,12.25,-0.08,-0.044,0.1
43,7.29,7.16,2.27,2.23,5.77,1.64,12.65,-0.08,-0.064,0.11
44,7.2,7.05,2.25,2.19,5.76,1.37,11.78,-0.07,-0.073,0.14
45,7.35,7.14,2.17,2.1,5.57,1.09,11.95,-0.07,-0.093,0.16
46,7.31,7.11,2.19,2.13,5.62,0.96,11.43,-0.07,-0.093,0.2
1,8.01,8.05,3.16,3.15,5.73,3.86,9.44,0.26,0.016,-0.02
1,9.18,9.33,2.16,2.25,8.0,1.77,14.3,-0.17,-0.102,0.06
2,8.87,8.96,2.75,2.77,7.91,1.97,13.67,-0.17,-0.059,0.05
3,8.87,8.96,2.75,2.77,7.91,1.97,13.67,-0.17,-0.059,0.05
4,8.65,8.78,2.81,2.87,7.95,2.02,13.76,-0.17,-0.056,0.04
5,8.6,8.77,2.84,2.91,7.69,2.1,13.82,-0.18,-0.05,0.02
1,7.01,7.06,2.72,2.68,5.72,2.88,10.87,-0.05,0.127,-0.01
2,6.96,7.0,2.75,2.7,5.78,2.94,10.77,-0.04,0.127,-0.02
3,6.82,6.88,2.84,2.79,5.8,2.98,10.72,-0.05,0.126,-0.02
4,6.78,6.83,2.88,2.83,5.8,2.91,10.82,-0.05,0.124,-0.02
5,6.73,6.78,2.99,2.95,5.79,2.84,10.76,-0.03,0.128,-0.02
6,6.75,6.81,2.84,2.8,5.79,2.78,10.84,-0.03,0.132,-0.02
7,6.72,6.75,2.82,2.78,5.81,2.95,10.74,-0.03,0.145,-0.01
8,6.68,6.72,2.88,2.83,5.85,2.84,10.77,-0.04,0.148,-0.01
9,6.72,6.76,2.82,2.78,5.78,2.96,10.72,-0.05,0.156,-0.01
10,6.8,6.84,2.68,2.63,5.76,3.13,10.84,-0.04,0.166,-0.01
11,6.72,6.76,2.82,2.79,5.81,2.9,10.57,-0.04,0.173,-0.02
12,6.67,6.72,2.77,2.75,5.88,3.01,10.83,-0.04,0.176,-0.01
13,6.63,6.68,2.9,2.87,5.88,2.91,10.78,-0.04,0.181,-0.01
14,6.64,6.68,2.8,2.77,5.92,2.95,10.78,-0.03,0.179,-0.02
15,6.64,6.69,2.83,2.78,5.89,2.71,10.65,-0.04,0.187,-0.03
16,6.65,6.73,2.73,2.71,5.9,2.89,10.64,-0.05,0.187,-0.03
17,6.64,6.71,2.81,2.78,5.84,2.72,10.69,-0.04,0.196,-0.04
18,6.6,6.64,2.94,2.9,5.89,2.6,10.62,-0.04,0.197,-0.05
19,6.69,6.75,2.65,2.63,5.93,2.81,10.59,-0.03,0.202,-0.07
20,6.61,6.67,2.82,2.81,5.92,2.92,10.63,-0.01,0.204,-0.11
21,6.6,6.66,2.77,2.79,5.96,2.82,10.79,0.01,0.199,-0.14
22,6.55,6.61,2.82,2.82,6.1,2.64,10.74,0.05,0.206,-0.21
23,6.61,6.67,2.77,2.76,6.14,2.36,10.7,0.05,0.218,-0.23
24,6.61,6.67,2.77,2.76,6.14,2.36,10.7,0.05,0.218,-0.23
25,6.65,6.71,2.66,2.66,6.24,2.08,10.92,0.03,0.237,-0.25
26,6.46,6.53,2.93,2.94,6.15,1.85,11.06,0.03,0.241,-0.25
27,6.44,6.5,2.98,2.97,6.18,1.7,10.89,0.02,0.259,-0.25
28,6.46,6.55,3.08,3.09,6.1,1.74,10.92,0.02,0.251,-0.26
29,6.44,6.53,3.04,3.05,6.2,1.76,10.67,0.02,0.254,-0.25
30,6.45,6.54,2.93,2.94,6.04,1.72,10.63,0.0,0.265,-0.25
31,6.45,6.55,2.93,2.95,6.13,1.65,10.64,0.0,0.266,-0.25
32,6.49,6.59,2.99,3.0,6.09,1.71,10.67,0.0,0.271,-0.25
33,6.51,6.58,2.88,2.93,6.09,1.62,10.6,0.02,0.255,-0.24
34,6.51,6.6,2.82,2.88,6.12,1.61,10.54,0.04,0.247,-0.24
35,6.46,6.54,2.9,2.97,6.15,1.72,10.53,0.03,0.254,-0.23
36,6.54,6.63,2.71,2.8,6.03,1.69,10.58,0.05,0.238,-0.2
37,6.47,6.53,2.83,2.91,5.98,1.66,10.63,0.04,0.23,-0.18
38,6.64,6.68,2.67,2.73,5.86,1.71,10.69,0.06,0.215,-0.14
39,6.77,6.8,2.66,2.69,5.88,1.78,10.88,0.06,0.204,-0.11
40,6.79,6.84,2.66,2.63,6.06,1.83,10.57,0.06,0.204,-0.08
41,7.01,7.03,2.44,2.35,5.97,1.98,10.57,0.06,0.191,-0.05
42,6.93,6.94,2.78,2.69,6.01,1.94,10.66,0.06,0.169,-0.01
43,6.93,6.94,2.78,2.69,6.01,1.94,10.66,0.06,0.169,-0.01
44,7.09,7.09,2.61,2.49,6.05,2.11,10.96,0.06,0.15,0.05
45,7.05,7.06,2.95,2.84,6.01,1.98,11.42,0.06,0.121,0.11
46,7.23,7.22,2.95,2.81,5.95,2.22,11.43,0.07,0.089,0.17
47,7.24,7.22,2.96,2.78,5.92,2.31,12.04,0.09,0.08,0.23
48,7.16,7.13,3.18,3.04,6.04,2.08,12.42,0.07,0.059,0.34
49,7.16,7.13,3.18,3.04,6.04,2.08,12.42,0.07,0.059,0.34
50,7.04,7.01,3.15,3.06,6.12,2.13,12.93,0.01,0.022,0.38
51,6.97,6.94,3.02,2.97,6.23,2.11,12.81,-0.04,0.004,0.39
52,6.89,6.85,3.01,3.0,6.3,2.13,12.85,-0.06,-0.011,0.4
53,6.98,6.93,2.87,2.87,6.23,2.08,12.56,-0.09,-0.029,0.4
54,6.88,6.81,3.06,3.07,6.16,2.14,12.45,-0.09,-0.032,0.39
55,6.95,6.9,2.97,2.99,6.21,2.16,12.55,-0.08,-0.027,0.39
56,6.94,6.88,3.01,3.04,6.19,2.16,12.49,-0.09,-0.014,0.38
57,6.84,6.79,3.02,3.05,6.24,2.33,12.52,-0.09,0.004,0.36
58,6.85,6.79,2.97,3.02,6.29,2.27,12.64,-0.1,0.015,0.35
59,6.8,6.76,2.92,3.0,6.31,2.27,12.59,-0.12,0.031,0.33
60,6.73,6.68,2.91,3.01,6.2,2.37,12.49,-0.13,0.06,0.3
61,6.91,6.86,2.75,2.85,6.19,2.36,12.31,-0.11,0.128,0.22
62,6.91,6.86,2.75,2.85,6.19,2.36,12.31,-0.11,0.128,0.22
63,8.4,8.39,2.13,2.23,5.92,2.49,12.05,-0.1,0.196,0.13
64,7.56,7.56,2.58,2.69,6.04,2.19,11.89,-0.12,0.23,0.09
65,7.56,7.56,2.58,2.69,6.04,2.19,11.89,-0.12,0.23,0.09
66,6.78,6.78,2.6,2.64,6.03,1.91,11.41,-0.12,0.291,-0.03
67,6.62,6.65,2.75,2.75,6.01,1.68,11.23,-0.1,0.319,-0.08
68,6.42,6.48,2.74,2.73,6.12,1.53,10.9,-0.07,0.333,-0.12
69,6.44,6.51,2.74,2.72,6.14,1.44,10.9,-0.08,0.354,-0.14
70,6.11,6.1,2.85,2.83,6.87,1.93,12.82,-0.06,0.347,-0.13
71,6.17,6.17,2.71,2.69,6.95,1.87,12.78,-0.04,0.352,-0.14
72,6.22,6.22,2.96,2.94,6.93,1.78,12.89,0.01,0.355,-0.14
73,6.32,6.32,2.73,2.7,6.9,1.82,12.94,0.04,0.365,-0.14
74,6.27,6.26,2.81,2.79,6.87,1.76,12.93,0.03,0.371,-0.14
75,6.18,6.18,3.03,3.01,6.96,1.71,13.06,0.01,0.34,-0.14
76,6.56,6.64,3.08,3.14,6.21,1.43,11.85,-0.06,0.327,-0.14
77,6.52,6.56,3.11,3.16,6.13,1.34,11.6,-0.09,0.326,-0.14
78,6.64,6.69,2.91,2.96,6.1,1.44,11.7,-0.08,0.308,-0.14
79,6.73,6.79,2.9,2.95,6.11,1.27,11.79,-0.05,0.274,-0.13
80,6.63,6.73,2.95,3.02,6.09,1.7,12.15,-0.03,0.238,-0.12
81,6.73,6.84,2.9,2.96,6.12,1.78,12.26,-0.02,0.208,-0.12
82,6.86,6.95,2.8,2.82,6.15,1.8,12.36,-0.02,0.188,-0.12
83,6.86,6.95,2.85,2.86,6.22,1.53,12.23,-0.03,0.175,-0.11
84,6.86,6.93,2.96,2.93,6.22,2.0,12.34,-0.04,0.163,-0.1
85,6.86,6.93,2.96,2.93,6.22,2.0,12.34,-0.04,0.163,-0.1
86,6.82,6.88,3.06,3.02,6.27,1.61,12.46,-0.03,0.145,-0.08
87,6.84,6.88,3.05,3.0,6.24,1.76,12.47,-0.04,0.132,-0.07
88,6.88,6.91,3.04,2.99,6.21,1.52,12.55,-0.03,0.116,-0.05
89,6.9,6.93,3.05,3.01,6.25,2.0,12.61,-0.04,0.109,-0.04
90,6.86,6.89,3.11,3.08,6.34,2.08,12.76,-0.03,0.098,-0.02
1,6.86,6.89,3.11,3.08,6.34,2.08,12.76,-0.03,0.098,-0.02
2,6.99,7.0,3.03,2.99,6.29,1.87,12.89,-0.02,0.084,-0.02
3,6.97,6.97,3.15,3.11,6.2,1.85,12.79,-0.01,0.08,-0.02
4,7.16,7.16,2.9,2.86,6.22,1.69,12.91,-0.02,0.078,-0.02
5,7.16,7.16,2.9,2.86,6.22,1.69,12.91,-0.02,0.078,-0.02
6,6.94,6.92,3.11,3.05,6.25,1.75,12.93,-0.04,0.073,-0.02
7,6.92,6.92,3.07,3.03,6.28,1.84,13.08,-0.04,0.074,-0.01
8,6.91,6.91,3.12,3.08,6.26,1.73,13.01,-0.04,0.076,-0.01
9,6.92,6.94,3.12,3.08,6.22,1.83,13.06,-0.04,0.075,-0.01
10,6.89,6.93,3.12,3.09,6.22,1.76,13.0,-0.05,0.073,-0.01
11,6.94,6.96,2.98,2.95,6.3,1.82,13.02,-0.04,0.08,0.0
12,7.03,7.05,2.82,2.78,6.32,1.73,13.1,-0.04,0.082,-0.01
13,7.35,7.38,2.49,2.45,6.3,1.96,13.17,-0.05,0.087,-0.01
14,7.38,7.39,2.36,2.31,6.23,1.61,13.08,-0.05,0.086,-0.01
15,7.28,7.3,2.54,2.48,6.19,1.84,13.06,-0.05,0.087,-0.02
16,7.22,7.24,2.54,2.48,6.33,1.62,13.06,-0.05,0.089,-0.02
17,7.13,7.14,2.6,2.54,6.28,1.77,13.04,-0.05,0.091,-0.02
18,7.18,7.19,2.57,2.5,6.2,1.59,13.04,-0.04,0.097,-0.02
19,7.0,7.04,2.86,2.81,6.23,1.72,13.06,-0.04,0.101,-0.02
20,7.1,7.13,2.7,2.64,6.23,1.66,13.0,-0.04,0.103,-0.02
21,7.0,7.04,2.83,2.78,6.22,1.6,12.85,-0.03,0.11,-0.02
22,6.92,6.97,2.88,2.83,6.24,1.88,12.84,-0.03,0.115,-0.02
23,6.84,6.9,2.97,2.94,6.18,1.57,12.71,-0.04,0.115,-0.02
24,6.8,6.86,3.06,3.02,6.19,1.53,12.61,-0.02,0.121,-0.02
25,6.87,6.94,2.83,2.78,6.2,1.96,12.74,-0.03,0.127,-0.02
26,6.8,6.87,2.84,2.81,6.17,1.59,12.46,-0.02,0.129,-0.02
27,7.36,7.41,2.32,2.27,6.09,1.61,12.91,-0.02,0.128,-0.01
28,8.02,8.07,2.02,1.95,5.95,1.34,13.32,-0.03,0.142,-0.02
29,7.75,7.79,2.04,1.96,6.04,1.19,13.25,-0.02,0.156,-0.02
30,7.14,7.22,2.36,2.33,6.18,1.18,13.08,-0.01,0.158,-0.02
31,6.94,7.02,2.56,2.55,6.14,1.13,12.71,-0.01,0.158,-0.02
32,6.81,6.91,2.65,2.65,6.13,1.25,12.69,-0.01,0.157,-0.02
33,6.87,6.95,2.65,2.66,6.08,1.22,12.34,0.0,0.143,-0.02
34,6.87,6.95,2.65,2.66,6.08,1.22,12.34,0.0,0.143,-0.02
35,6.75,6.78,2.88,2.88,6.17,1.25,12.64,0.02,0.136,-0.02
36,6.84,6.88,2.71,2.71,6.15,1.44,12.57,0.0,0.121,-0.02
37,6.71,6.75,3.01,2.96,6.17,1.31,12.59,-0.01,0.109,-0.01
38,6.71,6.75,3.01,2.96,6.17,1.31,12.59,-0.01,0.109,-0.01
39,6.86,6.89,2.79,2.7,6.26,1.54,12.91,-0.03,0.104,0.0
40,6.86,6.88,2.93,2.84,6.23,1.65,13.02,-0.03,0.108,0.01
41,6.86,6.87,2.97,2.87,6.21,1.56,12.98,-0.03,0.105,0.01
42,6.81,6.81,3.06,2.95,6.37,1.49,12.9,-0.04,0.103,0.02
43,6.79,6.8,2.99,2.88,6.37,1.6,13.09,-0.05,0.096,0.03
44,6.87,6.86,3.0,2.89,6.24,1.43,13.23,-0.04,0.082,0.05
45,6.88,6.88,3.1,3.06,6.41,1.42,13.32,-0.01,0.061,0.07
46,6.88,6.88,3.1,3.06,6.41,1.42,13.32,-0.01,0.061,0.07
47,6.97,6.96,3.06,3.01,6.32,1.28,13.09,-0.01,0.053,0.08
48,6.96,6.93,3.04,2.99,6.32,1.14,13.3,-0.02,0.042,0.08
49,6.95,6.9,3.17,3.09,6.49,1.11,13.34,-0.02,0.028,0.07
50,7.05,6.98,3.09,3.01,6.38,1.35,13.43,-0.02,0.018,0.07
51,7.2,7.13,3.08,2.98,6.33,1.15,13.45,-0.02,0.004,0.08
52,7.23,7.12,3.04,2.94,6.28,1.22,13.45,-0.02,-0.006,0.1
53,7.28,7.16,2.95,2.84,6.2,1.23,13.51,-0.03,-0.022,0.12
54,7.39,7.24,2.81,2.69,6.26,1.51,13.75,-0.02,-0.042,0.14
55,7.47,7.31,2.82,2.71,6.19,1.37,13.83,-0.01,-0.045,0.17
56,7.3,7.14,2.9,2.79,6.25,1.31,14.04,0.0,-0.065,0.19
57,7.69,7.46,2.59,2.44,6.2,1.58,14.14,-0.02,-0.075,0.23
58,7.57,7.34,2.69,2.51,6.1,1.53,14.27,0.01,-0.097,0.24
59,7.65,7.39,2.7,2.48,6.13,1.53,14.23,0.01,-0.106,0.25
60,7.8,7.52,2.54,2.3,6.1,1.61,14.27,0.01,-0.116,0.25
61,7.68,7.42,2.65,2.41,6.15,1.75,14.19,0.01,-0.126,0.26
62,7.61,7.28,2.54,2.28,6.08,1.55,13.86,0.0,-0.118,0.26
63,7.48,7.2,2.47,2.24,6.26,1.92,14.08,0.0,-0.113,0.27
64,7.52,7.29,2.54,2.33,6.28,1.53,14.36,-0.01,-0.122,0.27
65,7.08,6.88,2.88,2.69,6.33,1.35,14.46,-0.01,-0.102,0.26
66,7.0,6.82,2.8,2.64,6.37,1.35,14.43,-0.04,-0.102,0.25
67,6.96,6.85,2.79,2.67,6.36,1.25,14.08,-0.05,-0.089,0.24
68,6.95,6.86,2.79,2.68,6.31,1.21,14.03,-0.05,-0.082,0.23
69,7.06,6.98,2.86,2.77,6.29,1.31,14.0,-0.05,-0.063,0.21
70,7.15,7.1,2.73,2.66,6.2,1.29,13.45,-0.06,-0.049,0.2
71,7.23,7.13,2.84,2.77,6.16,1.35,13.54,-0.06,-0.019,0.17
72,7.18,7.08,2.75,2.69,6.19,1.36,13.4,-0.05,0.006,0.15
73,7.11,7.04,2.74,2.69,6.17,1.42,13.16,-0.06,0.033,0.13
74,6.97,6.94,2.71,2.68,6.22,1.31,12.93,-0.07,0.06,0.12
75,6.84,6.83,2.84,2.81,6.16,1.32,12.77,-0.07,0.075,0.1
76,6.89,6.92,2.59,2.56,6.17,1.55,12.65,-0.08,0.091,0.09
77,6.79,6.81,2.76,2.75,6.0,1.41,12.05,-0.07,0.092,0.07
78,6.95,6.98,2.47,2.46,5.96,1.51,11.93,-0.06,0.099,0.06
79,6.93,6.95,2.64,2.62,5.95,1.41,11.76,-0.07,0.107,0.05
80,7.06,7.1,2.53,2.5,6.15,1.28,12.41,-0.08,0.115,0.04
81,6.98,7.03,2.49,2.45,6.25,1.35,13.22,-0.1,0.126,0.03
82,6.89,6.92,2.49,2.48,5.94,1.59,11.81,-0.07,0.129,-0.02
83,6.87,6.93,2.56,2.56,5.82,2.38,10.89,-0.05,0.143,-0.04
84,6.87,6.93,2.56,2.56,5.82,2.38,10.89,-0.05,0.143,-0.04
85,6.73,6.81,2.66,2.65,6.17,1.32,11.77,-0.08,0.178,-0.11
86,6.58,6.7,2.6,2.61,6.36,1.28,13.01,-0.07,0.182,-0.13
87,6.65,6.76,2.73,2.75,6.44,1.32,13.21,-0.07,0.193,-0.15
88,6.6,6.73,2.68,2.73,6.39,1.17,13.19,-0.06,0.198,-0.17
89,6.83,6.96,2.59,2.64,6.23,1.47,12.64,-0.05,0.193,-0.19
90,6.84,6.96,2.65,2.69,6.13,1.56,12.6,-0.05,0.204,-0.21
1,6.75,6.87,2.79,2.84,6.21,1.61,12.44,-0.05,0.214,-0.22
2,6.71,6.81,2.92,2.97,5.95,1.61,12.02,-0.03,0.214,-0.22
3,6.71,6.82,2.6,2.69,6.3,1.58,12.64,-0.04,0.226,-0.21
4,6.77,6.88,2.7,2.78,6.2,2.04,12.15,-0.02,0.22,-0.21
5,6.56,6.69,2.75,2.85,6.66,3.05,13.48,-0.03,0.226,-0.22
6,6.56,6.69,2.75,2.85,6.66,3.05,13.48,-0.03,0.226,-0.22
7,6.47,6.59,2.78,2.85,7.1,4.02,15.82,-0.04,0.208,-0.2
8,6.43,6.52,2.77,2.82,7.25,4.28,16.29,-0.04,0.193,-0.2
9,6.47,6.56,2.6,2.64,7.25,4.52,17.13,-0.05,0.19,-0.19
10,6.43,6.5,2.53,2.54,7.38,4.59,17.3,-0.05,0.177,-0.19
11,6.37,6.42,2.53,2.52,7.57,4.64,17.48,-0.05,0.173,-0.18
12,6.43,6.49,2.31,2.28,7.48,4.98,17.47,-0.06,0.169,-0.16
13,6.43,6.49,2.31,2.28,7.48,4.98,17.47,-0.06,0.169,-0.16
14,6.51,6.54,2.15,2.11,7.44,4.75,17.55,-0.07,0.168,-0.16
15,6.52,6.58,2.34,2.31,7.26,4.97,17.53,-0.08,0.166,-0.14
16,6.47,6.54,2.26,2.26,7.34,5.08,17.58,-0.08,0.166,-0.13
17,6.48,6.54,2.28,2.27,7.39,5.03,17.86,-0.08,0.163,-0.13
18,6.4,6.46,2.21,2.21,7.59,5.02,18.27,-0.09,0.161,-0.14
19,6.44,6.5,2.18,2.17,7.38,4.96,18.25,-0.09,0.164,-0.14
20,6.43,6.47,2.25,2.23,7.42,5.02,18.07,-0.09,0.162,-0.15
21,6.46,6.5,2.22,2.19,7.4,5.07,18.02,-0.09,0.162,-0.15
22,6.43,6.47,2.25,2.23,7.39,5.07,18.1,-0.09,0.16,-0.15
23,6.47,6.5,2.22,2.2,7.45,5.13,17.87,-0.08,0.158,-0.15
24,6.53,6.55,2.16,2.08,7.42,5.3,17.5,-0.07,0.167,-0.15
25,6.36,6.38,2.26,2.18,7.54,5.05,17.56,-0.07,0.156,-0.14
26,6.36,6.38,2.26,2.18,7.54,5.05,17.56,-0.07,0.156,-0.14
27,6.48,6.47,2.36,2.26,7.45,4.95,18.13,-0.08,0.147,-0.14
28,6.53,6.51,2.38,2.26,7.39,4.89,18.14,-0.1,0.138,-0.1
29,6.54,6.52,2.42,2.27,7.22,4.79,17.84,-0.1,0.128,-0.08
30,6.56,6.56,2.44,2.29,7.24,5.09,17.2,-0.1,0.119,-0.06
31,6.61,6.64,2.58,2.44,7.13,4.98,15.64,-0.1,0.111,-0.03
32,6.78,6.79,2.57,2.46,6.82,4.89,14.09,-0.09,0.08,-0.01
33,6.95,6.93,2.63,2.53,6.51,4.73,13.2,-0.08,0.049,0.02
34,6.93,6.9,2.64,2.54,5.94,2.28,11.81,-0.08,0.017,0.07
35,6.93,6.9,2.64,2.54,5.94,2.28,11.81,-0.08,0.017,0.07
36,6.98,6.9,2.96,2.86,5.67,1.87,11.38,-0.09,-0.011,0.12
37,7.28,7.19,2.68,2.58,5.72,1.61,11.19,-0.08,-0.019,0.15
38,7.05,6.99,2.47,2.37,5.85,1.37,11.66,-0.08,-0.022,0.17
39,7.28,7.2,2.44,2.32,5.77,1.38,11.58,-0.09,-0.033,0.19
40,6.96,6.92,2.59,2.5,5.93,1.2,11.78,-0.09,-0.035,0.21
41,6.89,6.81,2.67,2.6,6.09,1.24,12.17,-0.1,-0.083,0.22
1,4.21,4.17,2.56,2.68,6.73,3.19,14.91,0.04,0.01,-0.06
2,4.16,4.18,2.64,2.79,6.89,2.36,14.21,-0.03,0.033,-0.1
3,4.1,4.13,2.82,2.94,6.92,2.04,14.03,-0.07,0.063,-0.13
4,3.87,3.93,2.71,2.79,7.47,3.83,16.29,-0.13,0.086,-0.16
5,3.86,3.99,2.72,2.8,7.55,3.31,16.26,-0.14,0.102,-0.16
6,3.85,3.98,2.69,2.76,7.63,2.66,15.65,-0.13,0.11,-0.16
7,3.88,4.03,2.7,2.77,7.45,2.02,15.35,-0.11,0.109,-0.15
8,3.88,4.01,2.58,2.64,7.43,2.27,15.12,-0.11,0.121,-0.15
9,3.86,4.01,2.63,2.67,7.44,1.5,14.95,-0.1,0.134,-0.15
10,3.89,4.04,2.61,2.65,7.4,1.02,14.97,-0.1,0.14,-0.14
11,3.9,4.07,2.52,2.54,7.35,1.11,15.03,-0.1,0.146,-0.12
12,3.92,4.11,2.43,2.45,7.36,1.15,14.94,-0.1,0.155,-0.1
13,3.92,4.11,2.5,2.51,7.34,1.07,14.69,-0.1,0.16,-0.09
14,3.89,4.06,2.64,2.65,7.29,1.01,14.07,-0.1,0.165,-0.07
15,3.87,4.07,2.59,2.59,7.25,1.23,14.14,-0.09,0.16,-0.07
16,3.88,4.08,2.52,2.5,7.18,1.61,13.94,-0.07,0.16,-0.06
17,3.9,4.11,2.62,2.56,7.04,2.13,14.09,-0.03,0.14,-0.02
18,3.9,4.11,2.62,2.56,7.04,2.13,14.09,-0.03,0.14,-0.02
19,3.88,4.1,2.75,2.67,7.14,2.67,14.21,0.0,0.127,0.03
20,3.88,4.08,2.72,2.66,7.13,2.87,14.33,-0.01,0.132,0.06
21,3.89,4.02,2.7,2.69,7.12,3.21,14.36,-0.03,0.138,0.08
22,3.92,4.02,2.7,2.71,7.0,3.4,14.0,-0.03,0.134,0.09
23,3.97,4.0,2.74,2.77,7.0,3.21,13.83,-0.02,0.129,0.09
24,3.98,4.01,2.78,2.8,7.05,2.75,13.62,-0.02,0.131,0.08
25,3.96,4.0,2.81,2.83,7.05,3.0,13.91,-0.04,0.123,0.08
26,3.97,4.0,2.88,2.92,7.05,2.92,14.05,-0.02,0.118,0.07
27,3.95,3.98,2.91,2.93,7.07,2.86,14.18,-0.03,0.116,0.06
28,3.98,3.98,2.84,2.88,7.05,2.69,14.21,-0.04,0.115,0.06
29,3.98,3.96,2.92,2.97,7.05,2.4,13.93,-0.04,0.112,0.05
30,3.98,3.96,2.92,2.97,7.05,2.4,13.93,-0.04,0.112,0.05
31,4.0,4.0,2.85,2.89,6.88,2.41,13.69,-0.04,0.098,0.05
32,3.97,3.97,2.91,2.96,6.94,2.36,13.85,-0.04,0.099,0.06
33,4.01,3.99,2.92,2.98,7.09,2.13,14.27,-0.05,0.105,0.06
34,3.98,3.98,2.98,3.06,7.09,2.63,14.63,-0.06,0.105,0.07
35,3.95,3.97,2.99,3.06,7.11,2.54,14.95,-0.05,0.102,0.07
36,3.91,3.88,2.98,3.08,7.24,2.62,14.92,-0.07,0.104,0.07
37,3.93,3.91,2.96,3.04,7.2,2.4,14.85,-0.06,0.097,0.07
38,3.91,3.9,3.02,3.08,7.18,2.35,14.65,-0.07,0.094,0.06
39,3.95,3.96,2.87,2.93,7.12,1.92,14.18,-0.04,0.08,0.05
40,3.94,3.98,3.0,3.04,7.01,2.12,14.09,-0.04,0.078,0.05
41,3.92,3.97,3.02,3.02,6.95,1.98,14.2,-0.03,0.077,0.05
42,3.94,4.0,3.01,3.01,7.04,1.66,14.29,-0.01,0.079,0.05
43,3.94,4.04,3.0,2.98,7.04,1.34,14.23,0.01,0.082,0.05
44,3.91,3.99,3.0,2.98,7.08,1.2,14.45,0.01,0.089,0.04
45,3.91,4.02,2.98,2.95,6.99,1.23,14.51,0.02,0.087,0.04
46,3.91,4.0,3.03,3.01,7.02,1.26,14.52,0.02,0.079,0.05
47,3.91,4.0,3.03,3.01,7.02,1.26,14.52,0.02,0.079,0.05
48,3.89,4.01,3.02,2.99,6.96,1.22,14.4,0.02,0.074,0.06
49,3.89,3.99,3.01,2.98,6.98,1.15,14.2,0.03,0.072,0.07
50,3.89,4.02,3.04,3.0,6.94,1.18,14.35,0.02,0.065,0.09
51,3.91,4.02,2.91,2.87,7.04,1.08,14.49,0.02,0.066,0.11
52,3.89,4.01,2.93,2.87,7.03,1.24,14.59,0.0,0.067,0.14
53,3.97,4.08,2.71,2.64,6.99,1.07,14.72,-0.02,0.061,0.16
54,4.09,4.2,2.32,2.24,6.95,0.97,14.58,-0.01,0.051,0.19
55,4.23,4.31,2.21,2.13,6.88,0.64,14.59,0.01,0.032,0.22
56,4.19,4.35,2.26,2.2,6.8,0.73,14.6,0.02,0.019,0.27
57,4.06,4.12,2.5,2.45,6.86,1.03,14.63,0.0,-0.009,0.29
58,4.0,4.05,2.75,2.7,7.01,1.01,14.97,-0.02,-0.017,0.3
59,4.0,4.05,2.75,2.7,7.01,1.01,14.97,-0.02,-0.017,0.3
60,4.02,4.06,2.67,2.59,6.87,0.99,14.67,-0.02,-0.021,0.27
61,4.02,4.06,2.74,2.66,6.83,1.29,14.61,0.0,-0.02,0.26
62,4.04,4.08,2.51,2.43,6.85,1.55,14.8,-0.02,-0.023,0.24
63,4.01,4.05,2.73,2.67,6.83,1.88,14.61,-0.02,-0.016,0.22
64,4.04,4.09,2.73,2.7,6.87,2.24,14.56,-0.02,-0.006,0.19
65,4.05,4.07,2.77,2.72,6.8,2.97,14.36,-0.01,0.005,0.17
66,4.0,4.08,2.84,2.8,6.86,3.64,14.44,0.0,0.006,0.17
67,4.09,4.16,2.71,2.65,6.73,3.52,14.68,0.0,-0.005,0.17
68,4.08,4.14,2.73,2.66,6.61,3.45,14.67,0.02,-0.014,0.17
69,4.05,4.09,2.75,2.71,6.6,3.7,14.63,0.02,-0.022,0.16
70,4.02,3.96,2.95,2.95,6.71,3.69,14.39,0.02,-0.032,0.15
71,4.02,3.96,2.95,2.95,6.71,3.69,14.39,0.02,-0.032,0.15
72,4.09,4.01,2.75,2.79,6.73,3.35,14.1,0.04,-0.037,0.13
73,4.09,4.03,2.78,2.81,6.77,3.18,14.09,0.05,-0.03,0.12
74,4.02,3.96,2.95,2.97,6.79,3.09,14.08,0.04,-0.022,0.11
75,4.05,4.01,2.87,2.89,6.8,2.66,14.16,0.02,-0.011,0.1
76,3.98,3.96,2.99,2.99,6.86,2.75,14.09,-0.02,-0.005,0.09
77,4.05,4.05,2.78,2.77,6.9,2.43,13.95,-0.02,0.004,0.09
78,4.01,4.02,2.92,2.92,6.93,2.76,14.22,-0.02,0.006,0.08
79,4.04,4.06,2.84,2.83,6.91,2.56,14.29,-0.02,0.016,0.08
80,3.98,3.99,2.9,2.89,6.96,2.29,14.4,-0.02,0.023,0.08
81,3.96,3.99,2.92,2.91,6.92,2.58,14.36,-0.01,0.03,0.08
82,4.02,4.04,2.79,2.8,6.89,2.17,14.18,0.01,0.049,0.08
83,4.02,4.04,2.79,2.8,6.89,2.17,14.18,0.01,0.049,0.08
84,4.03,4.06,2.86,2.89,6.76,1.9,13.84,0.0,0.06,0.07
85,4.0,4.02,2.78,2.83,6.84,2.15,14.03,0.0,0.076,0.06
86,4.07,4.08,2.83,2.88,6.81,1.99,13.56,0.01,0.087,0.05
87,4.09,4.13,2.67,2.74,6.8,2.12,13.69,0.02,0.097,0.04
88,4.01,4.01,2.83,2.93,6.79,2.43,13.86,0.01,0.122,0.04
89,4.01,4.01,2.83,2.93,6.79,2.43,13.86,0.01,0.122,0.04
90,4.06,4.03,2.76,2.89,6.84,2.44,13.68,0.04,0.141,0.05
1,4.05,4.05,2.7,2.86,6.78,2.36,13.72,0.04,0.15,0.07
2,4.05,4.06,2.83,2.99,6.75,2.13,13.27,0.04,0.16,0.06
3,4.07,4.06,2.87,3.05,6.68,2.12,13.26,0.04,0.167,0.06
4,4.05,4.04,2.82,3.01,6.93,1.74,13.17,0.03,0.186,0.04
5,4.05,4.04,2.82,3.01,6.93,1.74,13.17,0.03,0.186,0.04
6,4.04,4.05,2.82,3.0,6.93,1.55,13.26,0.02,0.208,0.03
7,3.95,4.0,2.87,3.0,6.99,1.4,13.14,-0.04,0.263,0.0
8,3.94,4.01,2.92,3.02,6.94,1.37,13.0,-0.05,0.276,-0.02
9,3.98,4.02,2.91,3.02,6.96,1.46,12.92,-0.05,0.28,-0.03
10,3.96,4.02,2.96,3.06,7.0,1.4,12.8,-0.05,0.287,-0.03
11,3.98,4.0,2.98,3.09,7.05,1.42,12.76,-0.06,0.289,-0.03
12,3.94,3.97,3.1,3.2,6.99,1.33,12.65,-0.07,0.303,-0.03
13,3.94,3.98,3.11,3.19,6.95,1.54,12.83,-0.09,0.304,-0.02
14,3.93,3.98,3.18,3.26,6.91,1.37,12.85,-0.09,0.306,-0.02
15,3.95,4.01,3.1,3.18,6.87,1.59,12.76,-0.08,0.307,-0.03
16,3.96,4.01,3.07,3.16,6.93,1.37,12.85,-0.09,0.304,-0.03
17,3.96,3.96,2.93,3.05,7.13,1.74,13.01,-0.11,0.297,-0.02
18,3.92,3.95,3.06,3.18,7.08,1.59,13.07,-0.11,0.289,-0.02
19,3.93,3.93,2.95,3.06,7.04,1.77,13.61,-0.12,0.275,-0.01
20,3.91,3.9,2.96,3.07,7.14,1.72,13.91,-0.13,0.264,-0.01
21,3.99,3.94,2.9,3.03,7.19,1.75,13.94,-0.12,0.252,-0.01
22,4.04,3.98,2.95,3.08,7.12,1.64,13.84,-0.11,0.22,-0.03
23,4.02,4.08,2.73,2.81,6.93,1.7,14.07,-0.1,0.203,-0.04
24,4.02,4.1,2.71,2.77,6.94,1.55,14.25,-0.1,0.191,-0.04
25,4.05,4.13,2.64,2.67,6.92,1.71,14.45,-0.1,0.184,-0.04
26,3.98,4.08,2.69,2.72,7.06,1.69,14.8,-0.1,0.171,-0.05
27,4.03,4.11,2.67,2.67,7.05,1.57,14.88,-0.12,0.158,-0.05
28,4.03,4.11,2.67,2.67,7.05,1.57,14.88,-0.12,0.158,-0.05
29,4.05,4.14,2.57,2.56,7.05,1.6,15.08,-0.13,0.138,-0.04
30,4.03,4.14,2.62,2.61,7.01,1.51,15.04,-0.11,0.125,-0.04
31,4.07,4.16,2.67,2.66,7.0,1.49,14.98,-0.1,0.109,-0.04
32,4.03,4.12,2.72,2.71,7.02,1.4,15.13,-0.08,0.094,-0.04
33,4.05,4.13,2.76,2.76,7.0,1.41,14.92,-0.07,0.086,-0.04
34,4.01,4.08,2.81,2.82,7.0,1.32,14.91,-0.07,0.076,-0.05
35,4.02,4.08,2.9,2.9,6.84,1.25,14.96,-0.07,0.073,-0.04
36,4.04,4.1,2.87,2.87,6.94,1.14,14.91,-0.06,0.062,-0.04
37,4.07,4.1,2.77,2.78,7.0,1.11,14.95,-0.07,0.057,-0.04
38,4.06,4.1,2.88,2.88,6.95,1.18,14.91,-0.07,0.053,-0.03
39,4.08,4.12,2.88,2.88,6.83,1.1,14.95,-0.05,0.049,-0.03
40,4.1,4.14,2.78,2.78,6.85,1.12,15.02,-0.05,0.043,-0.03
41,4.1,4.13,2.83,2.81,6.89,1.14,14.91,-0.06,0.04,-0.03
42,4.1,4.14,2.79,2.78,6.86,1.12,14.84,-0.06,0.032,-0.03
43,4.02,4.06,2.98,2.96,6.96,0.99,14.84,-0.06,0.028,-0.03
44,4.03,4.05,3.14,3.13,6.89,0.95,14.85,-0.05,0.026,-0.03
45,4.05,4.07,3.08,3.08,6.86,0.97,14.77,-0.07,0.02,-0.02
46,4.06,4.08,3.12,3.11,6.86,0.95,14.69,-0.06,0.013,-0.02
47,4.06,4.08,3.12,3.11,6.86,0.95,14.69,-0.06,0.013,-0.02
48,4.07,4.08,3.07,3.06,6.84,0.97,14.61,-0.06,0.01,-0.02
49,4.09,4.11,3.0,2.99,6.86,1.05,14.68,-0.07,0.002,-0.02
50,4.15,4.15,2.89,2.87,6.81,1.02,14.56,-0.08,-0.008,-0.02
51,4.12,4.12,2.93,2.91,6.94,0.99,14.64,-0.09,-0.009,-0.02
52,4.03,4.04,3.07,3.04,6.96,1.01,14.56,-0.09,-0.016,-0.03
53,4.09,4.11,2.96,2.93,6.99,0.97,14.55,-0.08,-0.015,-0.03
54,4.02,4.01,3.06,3.05,6.96,0.99,14.86,-0.07,-0.017,-0.03
55,4.02,4.01,3.07,3.07,6.93,1.09,14.85,-0.05,-0.017,-0.03
56,4.06,4.04,2.95,2.94,6.82,1.27,15.21,-0.03,-0.009,-0.04
57,4.23,4.19,2.81,2.82,6.62,1.85,14.28,0.02,-0.011,-0.04
58,4.19,4.18,2.87,2.87,6.57,2.21,14.12,0.04,-0.009,-0.05
59,4.13,4.12,2.99,2.99,6.51,2.9,13.92,0.04,-0.009,-0.05
60,4.14,4.14,2.89,2.87,6.65,2.19,14.45,0.03,-0.008,-0.05
61,4.13,4.12,2.88,2.86,6.65,2.3,13.97,0.04,0.001,-0.04
62,4.11,4.11,2.94,2.93,6.64,2.51,14.11,0.06,0.01,-0.04
63,4.13,4.12,2.93,2.92,6.67,2.41,13.98,0.07,0.015,-0.03
64,4.1,4.09,2.95,2.95,6.65,2.24,13.78,0.09,0.023,-0.03
65,4.16,4.17,2.84,2.84,6.65,2.49,13.72,0.1,0.032,-0.03
66,4.13,4.15,2.93,2.95,6.58,2.44,13.93,0.12,0.038,-0.03
67,4.12,4.15,2.92,2.94,6.63,2.39,13.92,0.12,0.046,-0.02
68,4.09,4.13,2.92,2.94,6.71,2.34,13.98,0.11,0.049,-0.01
69,4.11,4.18,2.95,2.96,6.61,2.8,13.8,0.12,0.06,0.0
70,4.1,4.17,2.9,2.91,6.65,2.63,13.92,0.12,0.074,0.0
71,4.06,4.08,2.89,2.92,6.68,2.56,13.79,0.12,0.081,0.01
72,4.09,4.14,2.8,2.84,6.65,2.67,13.75,0.12,0.089,0.01
73,4.09,4.1,2.76,2.81,6.65,2.88,13.64,0.11,0.1,0.01
74,4.05,4.07,2.82,2.87,6.72,2.67,13.53,0.11,0.105,0.0
75,4.04,4.1,2.8,2.84,6.81,3.0,14.19,0.07,0.094,-0.01
76,4.04,4.1,2.8,2.84,6.81,3.0,14.19,0.07,0.094,-0.01
77,4.05,4.13,2.78,2.83,6.86,2.84,14.53,0.03,0.097,-0.01
78,4.08,4.14,2.78,2.83,6.82,2.56,14.65,0.0,0.107,-0.01
79,4.07,4.15,2.72,2.76,6.8,3.21,15.0,-0.03,0.124,-0.01
80,4.16,4.2,2.49,2.59,6.88,2.91,15.14,-0.01,0.119,0.02
81,4.07,4.1,2.67,2.77,6.79,2.16,14.77,-0.01,0.123,0.03
82,4.06,4.11,2.64,2.74,6.77,2.2,14.67,-0.03,0.127,0.03
83,4.07,4.1,2.67,2.77,6.78,1.8,14.29,-0.04,0.128,0.02
84,4.06,4.09,2.71,2.81,6.88,1.75,14.81,-0.04,0.126,0.02
85,4.1,4.11,2.51,2.64,6.89,1.76,14.51,-0.05,0.12,0.02
86,4.17,4.14,2.48,2.63,6.91,2.06,14.76,-0.05,0.118,0.01
87,4.12,4.12,2.6,2.72,6.92,2.02,14.88,-0.06,0.12,0.01
88,4.1,4.12,2.72,2.79,6.92,2.03,14.79,-0.08,0.111,-0.01
89,4.03,4.08,2.76,2.79,7.05,1.67,14.92,-0.12,0.108,-0.03
90,3.97,4.04,2.82,2.83,7.09,1.36,14.79,-0.15,0.101,-0.04
1,4.03,4.12,2.63,2.62,7.05,1.14,14.63,-0.16,0.094,-0.04
2,4.02,4.1,2.8,2.8,7.1,1.13,14.7,-0.16,0.088,-0.03
3,4.01,4.11,2.72,2.72,7.1,1.24,14.75,-0.15,0.079,-0.02
4,4.04,4.12,2.68,2.68,7.01,1.25,14.68,-0.14,0.074,-0.02
5,4.02,4.12,2.7,2.7,6.98,1.32,14.72,-0.13,0.065,-0.01
6,4.0,4.1,2.73,2.71,7.01,1.28,14.68,-0.13,0.059,-0.01
7,4.0,4.09,2.62,2.61,6.94,1.59,14.72,-0.1,0.053,0.0
8,3.96,4.06,2.75,2.73,6.89,1.45,14.65,-0.08,0.046,0.0
9,4.02,4.07,2.71,2.72,6.93,1.99,14.85,-0.06,0.048,0.01
10,4.04,4.1,2.73,2.73,6.95,2.3,14.95,-0.05,0.047,0.02
11,3.94,4.01,2.98,2.97,6.96,1.89,15.05,-0.06,0.046,0.01
12,3.93,4.0,2.96,2.97,6.89,2.24,15.27,-0.05,0.038,0.01
13,3.98,4.04,2.89,2.91,6.89,2.56,15.23,-0.05,0.034,0.02
14,3.99,4.03,2.95,2.95,6.9,1.99,15.17,-0.04,0.028,0.02
15,4.11,4.16,2.77,2.77,6.92,2.14,15.17,-0.03,0.027,0.01
16,3.93,3.99,3.06,3.07,7.0,1.98,15.35,-0.04,0.019,0.01
17,4.04,4.08,2.93,2.94,6.97,2.14,15.26,-0.03,0.018,0.01
18,4.15,4.18,2.88,2.86,6.77,2.24,15.06,-0.03,0.019,0.02
19,4.09,4.12,2.86,2.84,6.77,1.98,14.94,-0.04,0.017,0.02
20,4.03,4.08,2.88,2.88,6.72,1.85,14.94,-0.03,0.017,0.01
21,4.06,4.09,2.98,2.96,6.62,1.78,14.65,-0.02,0.018,0.01
22,4.03,4.06,2.97,2.97,6.73,1.51,14.79,-0.02,0.019,0.0
23,4.14,4.19,2.76,2.74,6.73,1.45,14.73,-0.04,0.021,0.01
24,4.07,4.14,2.84,2.84,6.8,1.7,14.84,-0.04,0.02,0.0
25,4.05,4.09,2.87,2.87,6.85,1.66,14.76,-0.05,0.025,0.01
26,4.04,4.11,2.8,2.8,6.85,1.72,14.77,-0.07,0.024,0.01
27,4.09,4.16,2.78,2.76,6.83,1.9,14.76,-0.06,0.028,0.01
28,3.97,4.05,3.01,3.01,6.85,1.57,14.79,-0.06,0.022,0.01
29,4.13,4.2,2.71,2.72,6.86,1.85,14.9,-0.05,0.027,0.01
30,4.01,4.07,2.99,2.99,6.82,1.7,14.82,-0.05,0.024,0.01
31,4.03,4.08,2.88,2.89,6.83,1.8,14.9,-0.04,0.029,0.0
32,4.03,4.08,2.88,2.89,6.83,1.8,14.9,-0.04,0.029,0.0
33,4.13,4.18,2.76,2.74,6.83,1.93,14.76,-0.05,0.032,0.0
34,4.13,4.18,2.76,2.74,6.83,1.93,14.76,-0.05,0.032,0.0
35,3.97,4.05,3.0,3.01,6.82,1.87,14.83,-0.05,0.026,0.0
36,3.97,4.03,3.07,3.07,6.84,1.78,14.8,-0.04,0.028,0.0
37,3.98,4.04,3.01,3.03,6.85,2.15,14.8,-0.04,0.028,0.0
38,4.04,4.07,2.97,2.95,6.81,1.81,14.48,-0.01,0.032,-0.02
39,4.11,4.16,2.72,2.71,6.8,1.92,14.55,-0.01,0.033,-0.02
40,4.06,4.11,2.88,2.9,6.89,2.15,14.9,0.0,0.041,-0.02
41,4.14,4.18,2.66,2.7,6.86,2.64,14.88,0.03,0.055,-0.03
42,4.26,4.32,2.59,2.64,6.83,2.44,14.91,0.03,0.06,-0.03
43,4.34,4.41,2.46,2.5,6.76,2.38,14.85,0.05,0.064,-0.04
44,4.3,4.35,2.53,2.6,6.77,2.29,14.8,0.07,0.06,-0.04
45,4.34,4.38,2.5,2.56,6.69,2.58,14.79,0.09,0.058,-0.04
46,4.34,4.36,2.46,2.51,6.71,2.35,14.68,0.1,0.063,-0.04
47,4.3,4.34,2.49,2.54,6.73,2.3,14.62,0.09,0.055,-0.04
48,4.36,4.39,2.44,2.49,6.67,2.51,14.49,0.1,0.052,-0.03
49,4.3,4.32,2.51,2.56,6.73,2.3,14.54,0.09,0.044,-0.01
50,4.29,4.3,2.66,2.71,6.72,2.14,14.71,0.07,0.039,0.0
51,4.29,4.32,2.6,2.64,6.71,1.96,14.8,0.05,0.035,0.0
52,4.36,4.47,2.48,2.51,6.71,1.51,14.66,0.02,0.043,0.0
53,4.4,4.55,2.31,2.32,6.79,1.66,14.75,-0.02,0.056,0.01
54,4.22,4.28,2.33,2.4,6.99,1.44,15.14,-0.08,0.066,0.02
55,4.22,4.28,2.33,2.4,6.99,1.44,15.14,-0.08,0.066,0.02
56,4.18,4.29,2.32,2.39,6.99,1.25,15.01,-0.15,0.07,0.04
57,4.13,4.24,2.31,2.36,6.93,1.32,14.86,-0.19,0.075,0.05
58,4.08,4.2,2.26,2.32,7.04,1.17,14.87,-0.23,0.075,0.05
59,4.09,4.19,2.23,2.3,6.98,1.32,14.77,-0.25,0.081,0.05
60,4.03,4.1,2.23,2.29,6.99,0.77,14.77,-0.27,0.087,0.04
61,3.98,4.04,2.43,2.46,7.0,0.61,15.01,-0.28,0.09,0.02
62,3.95,4.04,2.52,2.53,6.94,0.7,14.99,-0.27,0.085,0.01
63,3.99,4.06,2.51,2.52,6.88,0.79,14.99,-0.24,0.086,0.01
64,4.01,4.08,2.68,2.69,6.89,0.94,15.02,-0.27,0.078,0.01
65,3.99,4.05,2.59,2.61,6.83,1.19,14.8,-0.3,0.086,0.02
66,3.94,4.0,2.67,2.7,6.9,1.3,14.71,-0.33,0.091,0.02
67,3.94,4.01,2.58,2.61,6.97,1.26,14.82,-0.34,0.088,0.02
68,3.97,4.04,2.59,2.61,6.97,1.3,14.83,-0.35,0.09,0.03
69,3.99,4.04,2.64,2.67,6.92,1.36,14.76,-0.34,0.081,0.03
70,3.99,4.06,2.45,2.47,6.89,1.44,15.04,-0.34,0.086,0.02
71,4.01,4.05,2.59,2.62,6.88,1.17,14.84,-0.34,0.085,0.02
72,3.98,4.04,2.62,2.65,6.81,1.47,14.77,-0.33,0.083,0.01
73,4.01,4.06,2.65,2.68,6.83,1.17,14.68,-0.34,0.083,0.02
74,4.01,4.07,2.57,2.6,6.81,1.38,14.36,-0.33,0.088,0.02
75,4.02,4.09,2.64,2.67,6.79,1.62,14.43,-0.31,0.084,0.02
76,4.03,4.1,2.59,2.62,6.82,1.45,14.49,-0.3,0.084,0.02
77,4.04,4.11,2.61,2.63,6.77,1.55,14.45,-0.3,0.088,0.02
78,4.01,4.1,2.71,2.73,6.86,1.59,14.8,-0.29,0.085,0.02
79,4.02,4.1,2.58,2.6,6.82,1.43,14.55,-0.27,0.085,0.01
80,4.03,4.12,2.65,2.68,6.83,1.48,14.7,-0.25,0.084,0.01
81,4.05,4.14,2.57,2.61,6.75,1.49,14.7,-0.22,0.079,0.01
82,4.08,4.14,2.59,2.62,6.8,1.24,14.72,-0.21,0.079,0.01
83,4.07,4.14,2.66,2.71,6.8,1.14,14.61,-0.19,0.076,0.01
84,4.11,4.17,2.59,2.63,6.78,1.4,14.56,-0.19,0.076,0.01
85,4.09,4.18,2.65,2.7,6.76,1.58,14.51,-0.17,0.074,0.0
86,4.1,4.17,2.7,2.75,6.77,1.78,14.47,-0.18,0.074,0.01
87,4.1,4.16,2.65,2.7,6.82,1.56,14.38,-0.19,0.078,0.0
88,4.05,4.12,2.71,2.76,6.83,1.24,14.43,-0.2,0.083,0.0
89,4.05,4.12,2.71,2.76,6.83,1.24,14.43,-0.2,0.083,0.0
90,4.02,4.07,2.74,2.79,6.86,1.05,14.41,-0.24,0.087,0.01
1,3.92,3.98,2.66,2.71,6.98,1.13,14.56,-0.3,0.093,0.02
2,3.9,3.95,2.61,2.64,7.08,0.93,14.64,-0.35,0.094,0.02
3,3.9,3.95,2.62,2.66,6.93,1.12,14.7,-0.37,0.094,0.02
4,3.94,3.97,2.58,2.62,6.92,1.14,14.82,-0.39,0.094,0.03
5,3.91,3.97,2.56,2.59,6.98,1.14,14.82,-0.38,0.095,0.02
6,3.93,4.0,2.6,2.63,6.92,1.22,14.72,-0.36,0.095,0.02
7,3.94,4.0,2.71,2.73,6.91,1.62,14.83,-0.34,0.097,0.02
